Region,Dosis,2020-12-24,2020-12-25,2020-12-26,2020-12-27,2020-12-28,2020-12-29,2020-12-30,2020-12-31,2021-01-01,2021-01-02,2021-01-03,2021-01-04,2021-01-05,2021-01-06,2021-01-07,2021-01-08,2021-01-09,2021-01-10,2021-01-11,2021-01-12,2021-01-13,2021-01-14,2021-01-15,2021-01-16,2021-01-17,2021-01-18,2021-01-19,2021-01-20,2021-01-21,2021-01-22,2021-01-23,2021-01-24,2021-01-25,2021-01-26,2021-01-27,2021-01-28,2021-01-29,2021-01-30,2021-01-31,2021-02-01,2021-02-02,2021-02-03,2021-02-04,2021-02-05,2021-02-06,2021-02-07,2021-02-08,2021-02-09,2021-02-10,2021-02-11,2021-02-12,2021-02-13,2021-02-14,2021-02-15,2021-02-16,2021-02-17,2021-02-18,2021-02-19,2021-02-20,2021-02-21,2021-02-22,2021-02-23,2021-02-24,2021-02-25,2021-02-26,2021-02-27,2021-02-28,2021-03-01,2021-03-02,2021-03-03,2021-03-04,2021-03-05,2021-03-06,2021-03-07,2021-03-08,2021-03-09,2021-03-10,2021-03-11,2021-03-12,2021-03-13,2021-03-14,2021-03-15,2021-03-16,2021-03-17,2021-03-18,2021-03-19,2021-03-20,2021-03-21,2021-03-22,2021-03-23,2021-03-24,2021-03-25,2021-03-26,2021-03-27,2021-03-28,2021-03-29,2021-03-30,2021-03-31,2021-04-01,2021-04-02,2021-04-03,2021-04-04,2021-04-05,2021-04-06,2021-04-07,2021-04-08,2021-04-09,2021-04-10,2021-04-11,2021-04-12,2021-04-13,2021-04-14,2021-04-15,2021-04-16,2021-04-17,2021-04-18,2021-04-19,2021-04-20,2021-04-21,2021-04-22,2021-04-23,2021-04-24,2021-04-25,2021-04-26,2021-04-27,2021-04-28,2021-04-29,2021-04-30,2021-05-01,2021-05-02,2021-05-03,2021-05-04,2021-05-05,2021-05-06,2021-05-07,2021-05-08,2021-05-09,2021-05-10,2021-05-11,2021-05-12,2021-05-13,2021-05-14,2021-05-15,2021-05-16,2021-05-17,2021-05-18,2021-05-19,2021-05-20,2021-05-21,2021-05-22,2021-05-23,2021-05-24,2021-05-25,2021-05-26,2021-05-27,2021-05-28,2021-05-29,2021-05-30,2021-05-31,2021-06-01,2021-06-02,2021-06-03,2021-06-04,2021-06-05,2021-06-06,2021-06-07,2021-06-08,2021-06-09,2021-06-10,2021-06-11,2021-06-12,2021-06-13,2021-06-14,2021-06-15,2021-06-16,2021-06-17,2021-06-18,2021-06-19,2021-06-20,2021-06-21,2021-06-22,2021-06-23,2021-06-24,2021-06-25,2021-06-26,2021-06-27,2021-06-28,2021-06-29,2021-06-30,2021-07-01,2021-07-02,2021-07-03,2021-07-04,2021-07-05,2021-07-06,2021-07-07,2021-07-08,2021-07-09,2021-07-10,2021-07-11,2021-07-12,2021-07-13,2021-07-14,2021-07-15,2021-07-16,2021-07-17,2021-07-18,2021-07-19,2021-07-20,2021-07-21,2021-07-22,2021-07-23,2021-07-24,2021-07-25,2021-07-26,2021-07-27,2021-07-28,2021-07-29,2021-07-30,2021-07-31,2021-08-01,2021-08-02,2021-08-03,2021-08-04,2021-08-05,2021-08-06,2021-08-07,2021-08-08,2021-08-09,2021-08-10,2021-08-11,2021-08-12,2021-08-13,2021-08-14,2021-08-15,2021-08-16,2021-08-17,2021-08-18,2021-08-19,2021-08-20,2021-08-21,2021-08-22,2021-08-23,2021-08-24,2021-08-25,2021-08-26,2021-08-27,2021-08-28,2021-08-29,2021-08-30,2021-08-31,2021-09-01,2021-09-02,2021-09-03,2021-09-04,2021-09-05,2021-09-06,2021-09-07,2021-09-08,2021-09-09,2021-09-10,2021-09-11,2021-09-12,2021-09-13,2021-09-14,2021-09-15,2021-09-16,2021-09-17,2021-09-18,2021-09-19,2021-09-20,2021-09-21,2021-09-22,2021-09-23,2021-09-24,2021-09-25,2021-09-26,2021-09-27,2021-09-28,2021-09-29,2021-09-30,2021-10-01,2021-10-02,2021-10-03,2021-10-04,2021-10-05,2021-10-06,2021-10-07,2021-10-08,2021-10-09,2021-10-10,2021-10-11,2021-10-12,2021-10-13,2021-10-14,2021-10-15,2021-10-16,2021-10-17,2021-10-18,2021-10-19,2021-10-20,2021-10-21,2021-10-22,2021-10-23,2021-10-24,2021-10-25,2021-10-26,2021-10-27,2021-10-28,2021-10-29,2021-10-30,2021-10-31,2021-11-01,2021-11-02,2021-11-03,2021-11-04,2021-11-05,2021-11-06,2021-11-07,2021-11-08,2021-11-09,2021-11-10,2021-11-11,2021-11-12,2021-11-13,2021-11-14,2021-11-15,2021-11-16,2021-11-17,2021-11-18,2021-11-19,2021-11-20,2021-11-21,2021-11-22,2021-11-23,2021-11-24,2021-11-25,2021-11-26,2021-11-27,2021-11-28,2021-11-29,2021-11-30,2021-12-01,2021-12-02,2021-12-03,2021-12-04,2021-12-05,2021-12-06,2021-12-07,2021-12-08,2021-12-09,2021-12-10,2021-12-11,2021-12-12,2021-12-13,2021-12-14,2021-12-15,2021-12-16,2021-12-17,2021-12-18,2021-12-19,2021-12-20,2021-12-21,2021-12-22
Arica y Parinacota,Primera,0.0,0.0,0.0,0.0,0.0,0.0,0.0,0.0,0.0,0.0,0.0,0.0,0.0,0.0,0.0,0.0,0.0,0.0,0.0,0.0,0.0,0.0,0.0,0.0,0.0,905.0,2133.0,2822.0,2902.0,2902.0,2902.0,2902.0,2902.0,2902.0,2902.0,2902.0,2902.0,2902.0,2902.0,2902.0,2979.0,4422.0,7255.0,9649.0,9954.0,9988.0,12421.0,14974.0,17994.0,20753.0,23640.0,23758.0,23758.0,26411.0,28492.0,30654.0,32785.0,34849.0,34904.0,34904.0,36894.0,38805.0,40129.0,41271.0,43326.0,43522.0,43522.0,45006.0,46215.0,47227.0,48056.0,49064.0,49128.0,49130.0,50265.0,51285.0,52517.0,54163.0,55502.0,55600.0,55600.0,56874.0,58544.0,60086.0,62270.0,63369.0,63433.0,63433.0,64613.0,65959.0,67408.0,68909.0,70451.0,70585.0,70585.0,71948.0,73339.0,74555.0,75719.0,75805.0,75947.0,75948.0,76919.0,78320.0,79258.0,80198.0,80457.0,80458.0,80458.0,81383.0,82311.0,83320.0,84042.0,84742.0,84773.0,84773.0,85519.0,86277.0,86965.0,87949.0,88357.0,88422.0,88422.0,89034.0,89794.0,90426.0,90856.0,91301.0,91306.0,91306.0,92199.0,93016.0,94163.0,95106.0,95952.0,96037.0,96037.0,97233.0,98526.0,99727.0,100962.0,102065.0,102125.0,102131.0,103391.0,104818.0,106282.0,107819.0,107977.0,108782.0,108782.0,110828.0,113265.0,115331.0,117601.0,119552.0,119971.0,119972.0,122060.0,123985.0,124482.0,124489.0,124507.0,124510.0,124510.0,124693.0,126117.0,127831.0,129868.0,131580.0,132149.0,132156.0,133880.0,135580.0,137218.0,138431.0,139537.0,139843.0,139843.0,139921.0,141277.0,142652.0,144154.0,145406.0,145818.0,145818.0,145821.0,146035.0,146278.0,146991.0,147541.0,147713.0,147713.0,148161.0,148722.0,149529.0,150663.0,151741.0,152164.0,152164.0,153284.0,154695.0,155857.0,156888.0,156888.0,157392.0,157392.0,158592.0,159657.0,160651.0,161843.0,163173.0,163947.0,163947.0,164298.0,164750.0,165376.0,165838.0,166306.0,166337.0,166338.0,167892.0,169551.0,169573.0,169592.0,169602.0,169602.0,169602.0,170631.0,171640.0,171661.0,171676.0,171686.0,171688.0,171688.0,172376.0,172804.0,172822.0,172844.0,172855.0,172858.0,172862.0,172977.0,173103.0,173170.0,173182.0,173191.0,173191.0,173191.0,173326.0,173477.0,173482.0,173499.0,173503.0,173503.0,173504.0,173769.0,174016.0,174027.0,174079.0,174088.0,174088.0,174088.0,174797.0,175412.0,176008.0,176429.0,176487.0,176487.0,176487.0,177196.0,177897.0,178607.0,179231.0,180212.0,180259.0,180259.0,181577.0,183084.0,184655.0,186042.0,187435.0,187727.0,187731.0,188861.0,189785.0,190574.0,191276.0,191962.0,192134.0,192134.0,192209.0,193002.0,193614.0,194410.0,194918.0,194997.0,194997.0,195553.0,196183.0,196738.0,197191.0,197668.0,197747.0,197750.0,198183.0,198610.0,199044.0,199410.0,199817.0,199955.0,199978.0,200037.0,200499.0,200942.0,201402.0,201844.0,201907.0,201907.0,202322.0,202732.0,203090.0,203432.0,203795.0,203835.0,203835.0,204310.0,204823.0,205167.0,205556.0,205862.0,205870.0,205873.0,206220.0,206478.0,206734.0,207051.0,207291.0,207364.0,207364.0,207651.0,207926.0,208129.0,208311.0,208491.0,208550.0,208550.0,208869.0,209197.0,209208.0,209586.0,209968.0,210066.0,210066.0,210390.0,210674.0,210929.0,211148.0,211379.0,211429.0,211432.0,211673.0,211900.0,211999.0
Tarapacá,Primera,0.0,0.0,0.0,0.0,0.0,0.0,0.0,0.0,0.0,0.0,0.0,0.0,120.0,160.0,160.0,160.0,160.0,160.0,160.0,160.0,160.0,160.0,160.0,160.0,160.0,160.0,160.0,160.0,160.0,160.0,160.0,160.0,160.0,160.0,160.0,160.0,160.0,160.0,160.0,160.0,334.0,2499.0,4515.0,6932.0,7472.0,7472.0,10866.0,14868.0,19681.0,23998.0,28215.0,28386.0,28386.0,33618.0,38453.0,41934.0,44137.0,46282.0,46391.0,46391.0,47966.0,49678.0,52052.0,54200.0,55712.0,55785.0,55785.0,57688.0,59600.0,61307.0,63089.0,65085.0,65195.0,65195.0,67074.0,68803.0,70374.0,72501.0,74658.0,74860.0,74860.0,77149.0,79686.0,82037.0,84428.0,87007.0,87246.0,87246.0,89640.0,92073.0,94751.0,96986.0,99709.0,99813.0,99813.0,102283.0,104437.0,106432.0,108362.0,108390.0,108418.0,108458.0,110280.0,112436.0,114619.0,116311.0,117959.0,118107.0,118135.0,120223.0,121974.0,123810.0,125465.0,127476.0,127671.0,127728.0,129731.0,131827.0,133625.0,135067.0,136449.0,136690.0,136703.0,138184.0,139696.0,141527.0,142614.0,143733.0,143823.0,143928.0,145643.0,147069.0,148470.0,149697.0,150963.0,151660.0,151730.0,153333.0,154911.0,156534.0,157921.0,159519.0,159561.0,159565.0,161182.0,162821.0,164302.0,165822.0,165920.0,166617.0,166732.0,169865.0,173148.0,176155.0,178648.0,181188.0,182137.0,182277.0,184980.0,187276.0,189383.0,191126.0,192698.0,193378.0,193417.0,195136.0,196594.0,198100.0,199606.0,200951.0,201412.0,201417.0,203186.0,204474.0,205973.0,207048.0,208099.0,208433.0,208455.0,208463.0,210030.0,211857.0,213677.0,215260.0,215546.0,215576.0,215619.0,216578.0,217323.0,218390.0,219226.0,219392.0,219403.0,220241.0,221248.0,222655.0,223937.0,225424.0,225870.0,225875.0,227517.0,229337.0,230890.0,232331.0,232351.0,232702.0,232702.0,234476.0,236055.0,237502.0,239427.0,241112.0,241531.0,241544.0,243198.0,244756.0,246059.0,247174.0,248262.0,248632.0,248645.0,249712.0,251008.0,251601.0,252007.0,252327.0,252469.0,252473.0,253514.0,254404.0,254719.0,254994.0,255260.0,255397.0,255398.0,256304.0,257004.0,257083.0,257157.0,257215.0,257250.0,257275.0,257368.0,257431.0,257512.0,257579.0,257657.0,257700.0,257712.0,257835.0,257926.0,258009.0,258085.0,258165.0,258185.0,258185.0,258252.0,258323.0,258360.0,258392.0,258441.0,258459.0,258459.0,258914.0,259392.0,259976.0,260336.0,260336.0,260336.0,260336.0,261007.0,261621.0,262441.0,263096.0,263928.0,264061.0,264061.0,265760.0,267787.0,270023.0,272016.0,274204.0,274639.0,274641.0,276287.0,277554.0,278937.0,280296.0,281628.0,281851.0,281853.0,281859.0,282893.0,284046.0,285147.0,286018.0,286146.0,286148.0,287210.0,288201.0,288946.0,289769.0,290421.0,290529.0,290542.0,291396.0,292156.0,292852.0,293671.0,294227.0,294303.0,294303.0,294303.0,294935.0,295650.0,296400.0,297139.0,297220.0,297220.0,298091.0,298806.0,299463.0,299973.0,300599.0,300756.0,300756.0,301508.0,302212.0,302879.0,303530.0,304089.0,304182.0,304185.0,304847.0,305390.0,305932.0,306337.0,306827.0,306923.0,306924.0,307512.0,307937.0,308366.0,308783.0,309138.0,309230.0,309230.0,309817.0,310363.0,310363.0,311009.0,311740.0,311890.0,311890.0,312618.0,313350.0,313987.0,314573.0,315158.0,315224.0,315224.0,315852.0,316317.0,316596.0
Antofagasta,Primera,0.0,0.0,0.0,0.0,0.0,0.0,0.0,0.0,0.0,0.0,0.0,0.0,0.0,0.0,0.0,0.0,0.0,0.0,0.0,0.0,0.0,0.0,0.0,0.0,0.0,2774.0,5338.0,6111.0,6111.0,6111.0,6111.0,6111.0,6111.0,6111.0,6111.0,6111.0,6111.0,6111.0,6111.0,6111.0,6331.0,9320.0,12799.0,15859.0,16043.0,16043.0,19627.0,24059.0,29766.0,36335.0,42685.0,43455.0,43460.0,50661.0,56084.0,60880.0,65012.0,69056.0,69213.0,69213.0,73131.0,76700.0,79926.0,82273.0,84819.0,84819.0,84819.0,88996.0,93757.0,98504.0,102873.0,106618.0,106625.0,106625.0,110913.0,116105.0,120727.0,126449.0,131648.0,131767.0,131767.0,136836.0,142344.0,148350.0,153566.0,158847.0,159210.0,159254.0,165265.0,171390.0,177052.0,182326.0,187557.0,187942.0,188128.0,193684.0,198785.0,203745.0,208458.0,208751.0,209207.0,209402.0,212586.0,216080.0,219910.0,223003.0,225588.0,226107.0,226251.0,229562.0,232696.0,235792.0,238421.0,240968.0,241954.0,242088.0,243551.0,244565.0,245435.0,247020.0,248140.0,248706.0,248731.0,249686.0,250599.0,251497.0,252206.0,253599.0,253632.0,253668.0,256510.0,259879.0,263069.0,266234.0,269110.0,270349.0,270605.0,274496.0,278380.0,281982.0,285411.0,289095.0,289370.0,289450.0,294075.0,299469.0,304185.0,308713.0,309234.0,310263.0,310467.0,317539.0,325348.0,331208.0,337724.0,343590.0,343839.0,343968.0,350427.0,352872.0,354803.0,357378.0,360425.0,360962.0,360982.0,364035.0,367484.0,371862.0,376210.0,379778.0,381042.0,381065.0,384932.0,388513.0,392774.0,395847.0,398567.0,398922.0,398973.0,399717.0,403579.0,407330.0,408965.0,409713.0,409832.0,409845.0,410289.0,411711.0,413690.0,416870.0,419343.0,419780.0,419815.0,421817.0,423712.0,426593.0,429142.0,431425.0,432110.0,432147.0,434677.0,438293.0,441286.0,444158.0,444941.0,445831.0,445868.0,448791.0,451781.0,454578.0,458434.0,461768.0,462371.0,462391.0,462613.0,462759.0,463598.0,464052.0,464332.0,464336.0,464336.0,468097.0,472967.0,472978.0,472993.0,473000.0,473000.0,473000.0,476237.0,479295.0,479311.0,479334.0,479351.0,479352.0,479353.0,481138.0,482920.0,482950.0,482958.0,482977.0,482977.0,482977.0,484617.0,485930.0,486840.0,486914.0,486925.0,486926.0,486926.0,488028.0,489031.0,489051.0,489068.0,489080.0,489080.0,489080.0,489878.0,490650.0,490665.0,490682.0,490706.0,490706.0,490706.0,493221.0,495094.0,496922.0,497709.0,497709.0,497710.0,497710.0,500573.0,503184.0,506179.0,508398.0,511158.0,511194.0,511194.0,515228.0,520582.0,526413.0,532066.0,536603.0,537596.0,537597.0,541271.0,544144.0,546662.0,548915.0,551029.0,551034.0,551035.0,551404.0,553323.0,555137.0,556713.0,558429.0,558621.0,558622.0,559780.0,561122.0,562179.0,563266.0,564229.0,564425.0,564425.0,565456.0,566483.0,567447.0,568439.0,569304.0,569359.0,569359.0,569359.0,569478.0,570638.0,571713.0,572780.0,572941.0,572944.0,573724.0,574781.0,575645.0,576474.0,577321.0,577635.0,577635.0,578495.0,579383.0,580177.0,580907.0,581510.0,581673.0,581673.0,582254.0,582833.0,583357.0,583918.0,584533.0,584696.0,584732.0,585222.0,585790.0,586279.0,586741.0,587170.0,587268.0,587307.0,588020.0,588793.0,588795.0,590304.0,591713.0,592026.0,592084.0,593239.0,594335.0,595200.0,596033.0,596817.0,596992.0,596992.0,597728.0,598395.0,598751.0
Atacama,Primera,0.0,0.0,0.0,0.0,0.0,0.0,0.0,0.0,0.0,0.0,0.0,0.0,0.0,0.0,0.0,0.0,0.0,0.0,0.0,0.0,0.0,0.0,0.0,0.0,0.0,331.0,1647.0,2519.0,3606.0,3870.0,3870.0,3870.0,3870.0,3870.0,3870.0,3870.0,3870.0,3870.0,3870.0,3870.0,3872.0,9469.0,15296.0,20178.0,20633.0,20633.0,24243.0,26666.0,28899.0,30976.0,33496.0,33974.0,33974.0,36091.0,37987.0,39888.0,41835.0,42928.0,42981.0,42983.0,44902.0,47335.0,49681.0,51972.0,53504.0,53580.0,53580.0,54961.0,56148.0,57123.0,58282.0,60309.0,60608.0,60608.0,62585.0,64542.0,66391.0,68449.0,70481.0,70586.0,70586.0,72938.0,75277.0,77519.0,79701.0,81454.0,81455.0,81467.0,83976.0,86563.0,89069.0,91361.0,93797.0,93797.0,93797.0,96010.0,98081.0,99834.0,101527.0,101527.0,101527.0,101527.0,103166.0,104708.0,106498.0,107721.0,109277.0,109408.0,109408.0,109835.0,111391.0,112804.0,113943.0,114987.0,114987.0,114987.0,116120.0,117520.0,118438.0,119512.0,120429.0,120429.0,120429.0,121233.0,122372.0,123485.0,124353.0,125485.0,125485.0,125485.0,126978.0,128528.0,129871.0,131227.0,132901.0,133091.0,133091.0,134630.0,136428.0,138029.0,139399.0,141083.0,141111.0,141112.0,142873.0,144885.0,146880.0,148723.0,148723.0,148952.0,148952.0,152003.0,155586.0,158811.0,162003.0,164316.0,164318.0,164318.0,167213.0,170113.0,172446.0,173779.0,174509.0,174531.0,174531.0,175778.0,177598.0,179415.0,180937.0,182488.0,182593.0,182593.0,184074.0,185165.0,186399.0,187851.0,189241.0,189259.0,189259.0,189259.0,191058.0,192106.0,193360.0,194664.0,194725.0,194725.0,194741.0,195490.0,196126.0,197093.0,197967.0,198134.0,198134.0,199696.0,200987.0,202643.0,204166.0,205667.0,205909.0,205909.0,207763.0,209852.0,211514.0,213094.0,213177.0,213177.0,213178.0,214767.0,216088.0,216954.0,217960.0,218878.0,218904.0,218904.0,219247.0,219518.0,219710.0,219894.0,220025.0,220026.0,220026.0,221471.0,223424.0,223443.0,223457.0,223477.0,223477.0,223477.0,224820.0,226094.0,226111.0,226126.0,226138.0,226138.0,226138.0,226929.0,227749.0,227762.0,227772.0,227783.0,227785.0,227785.0,228514.0,229212.0,229500.0,229516.0,229524.0,229524.0,229524.0,230061.0,230631.0,230640.0,230653.0,230659.0,230659.0,230659.0,231221.0,231699.0,231705.0,231718.0,231727.0,231727.0,231727.0,232907.0,233934.0,235044.0,235396.0,235396.0,235396.0,235396.0,236517.0,237659.0,238767.0,239826.0,241199.0,241199.0,241199.0,242719.0,244686.0,247010.0,249083.0,251200.0,251355.0,251355.0,253080.0,254704.0,256260.0,257694.0,259169.0,259169.0,259169.0,259169.0,260727.0,261993.0,263045.0,263877.0,264010.0,264010.0,264500.0,265090.0,265670.0,266239.0,266730.0,266815.0,266815.0,267525.0,268040.0,268486.0,268955.0,269400.0,269538.0,269538.0,269538.0,270076.0,270712.0,271269.0,271801.0,271862.0,271862.0,272426.0,272882.0,273407.0,273827.0,274262.0,274301.0,274301.0,274761.0,275269.0,275665.0,276002.0,276344.0,276354.0,276354.0,276758.0,277256.0,277620.0,277996.0,278297.0,278360.0,278375.0,278805.0,279149.0,279476.0,279767.0,280047.0,280102.0,280102.0,280467.0,280798.0,280849.0,281558.0,282161.0,282202.0,282214.0,282857.0,283357.0,283952.0,284357.0,284724.0,284728.0,284728.0,285064.0,285449.0,285591.0
Coquimbo,Primera,0.0,0.0,0.0,0.0,0.0,0.0,0.0,0.0,0.0,0.0,0.0,0.0,0.0,0.0,0.0,1.0,1.0,1.0,1.0,1.0,1.0,1.0,1.0,1.0,1.0,2499.0,6205.0,8203.0,8710.0,8772.0,8772.0,8772.0,8772.0,8772.0,8772.0,8772.0,8772.0,8772.0,8772.0,8772.0,8772.0,12774.0,17628.0,22454.0,22462.0,22462.0,30311.0,39193.0,49273.0,58827.0,67666.0,68147.0,68147.0,79342.0,88183.0,96233.0,103152.0,109632.0,109676.0,109681.0,115891.0,121149.0,125806.0,130622.0,134586.0,134722.0,134722.0,142180.0,150195.0,157769.0,164133.0,169695.0,169746.0,169746.0,175747.0,181995.0,187701.0,194221.0,199908.0,200115.0,200115.0,206518.0,213204.0,218998.0,224647.0,230123.0,230225.0,230225.0,236236.0,242101.0,248236.0,254586.0,261336.0,261769.0,261769.0,267649.0,273204.0,278262.0,283880.0,283889.0,283889.0,283891.0,287830.0,292449.0,296813.0,300691.0,304228.0,304320.0,304320.0,308123.0,311591.0,314950.0,317841.0,320788.0,320870.0,320870.0,323505.0,325654.0,327621.0,330342.0,332549.0,332645.0,332646.0,334995.0,337303.0,339653.0,341856.0,343824.0,343839.0,343839.0,347440.0,351183.0,354960.0,358508.0,362085.0,362250.0,362250.0,366804.0,371641.0,376248.0,380577.0,384797.0,384822.0,384822.0,389700.0,395648.0,400829.0,406433.0,406450.0,406669.0,406674.0,413827.0,423005.0,431043.0,438656.0,444849.0,445151.0,445151.0,451681.0,457294.0,460840.0,464100.0,467680.0,468083.0,468083.0,472441.0,476328.0,480754.0,485405.0,489147.0,489516.0,489578.0,494703.0,499516.0,504814.0,508773.0,512236.0,512565.0,512635.0,512735.0,518063.0,522067.0,524019.0,525292.0,525350.0,525351.0,525365.0,527625.0,530482.0,535040.0,538683.0,539036.0,539126.0,542181.0,545129.0,549103.0,552557.0,555773.0,556128.0,556259.0,559852.0,564747.0,568410.0,571925.0,572043.0,572329.0,572384.0,575754.0,578540.0,581015.0,583022.0,586114.0,586440.0,586601.0,589778.0,591140.0,591976.0,593001.0,593721.0,593752.0,593752.0,596458.0,599732.0,600101.0,600386.0,600588.0,600607.0,600607.0,603018.0,605252.0,605417.0,605557.0,605651.0,605676.0,605679.0,607205.0,608561.0,608690.0,608824.0,608916.0,608949.0,608973.0,610241.0,611364.0,612086.0,612166.0,612243.0,612296.0,612341.0,613291.0,614138.0,614209.0,614288.0,614352.0,614400.0,614407.0,615179.0,615960.0,616040.0,616094.0,616175.0,616249.0,616252.0,618387.0,620024.0,621726.0,622670.0,622670.0,622670.0,622670.0,624944.0,627288.0,629965.0,632100.0,634411.0,634483.0,634499.0,638442.0,643124.0,647534.0,652084.0,656194.0,656362.0,656380.0,660953.0,664847.0,668539.0,671902.0,674720.0,674806.0,674827.0,674827.0,677987.0,680880.0,683273.0,685232.0,685288.0,685309.0,687228.0,689478.0,691482.0,693297.0,694743.0,694808.0,694821.0,696991.0,698640.0,700334.0,701866.0,703177.0,703223.0,703223.0,703223.0,704601.0,706081.0,707343.0,708562.0,708610.0,708650.0,710091.0,711369.0,712460.0,713354.0,714431.0,714539.0,714562.0,715814.0,716912.0,717797.0,718595.0,719338.0,719403.0,719443.0,720234.0,720993.0,721615.0,722164.0,722697.0,722742.0,722754.0,723487.0,724259.0,724880.0,725458.0,725927.0,725965.0,725978.0,726870.0,727731.0,727748.0,729098.0,730171.0,730239.0,730264.0,731669.0,733106.0,734264.0,735334.0,736212.0,736248.0,736273.0,737181.0,737966.0,738418.0
Valparaíso,Primera,0.0,0.0,0.0,0.0,0.0,0.0,0.0,0.0,0.0,0.0,0.0,0.0,600.0,600.0,600.0,600.0,600.0,601.0,601.0,601.0,601.0,1425.0,1455.0,1455.0,1455.0,1455.0,1455.0,1455.0,1455.0,1455.0,1455.0,1455.0,1464.0,1464.0,1464.0,1464.0,1464.0,1464.0,1464.0,1464.0,3096.0,19420.0,37420.0,56794.0,58080.0,58118.0,85917.0,116242.0,149432.0,180780.0,208630.0,209958.0,209959.0,243760.0,273534.0,297944.0,318595.0,337126.0,337805.0,337918.0,349286.0,358425.0,366239.0,374878.0,384483.0,388163.0,388179.0,401522.0,419811.0,440340.0,459284.0,477114.0,477416.0,477417.0,493472.0,508917.0,524583.0,546037.0,563810.0,565035.0,565035.0,581467.0,599885.0,616990.0,635360.0,651970.0,653077.0,653160.0,668693.0,683306.0,699012.0,714794.0,731334.0,731704.0,731732.0,748548.0,762624.0,775412.0,789272.0,789436.0,789631.0,789674.0,797568.0,807324.0,817066.0,824787.0,832423.0,833013.0,833133.0,842034.0,849182.0,857661.0,864288.0,871429.0,871830.0,871872.0,877732.0,882580.0,886562.0,893699.0,898706.0,899057.0,899087.0,904793.0,908774.0,913678.0,917704.0,922338.0,922395.0,922416.0,930603.0,938880.0,947599.0,956224.0,964756.0,965767.0,965823.0,976208.0,987316.0,997613.0,1007407.0,1017664.0,1017812.0,1017871.0,1029840.0,1042562.0,1054209.0,1065659.0,1065780.0,1068165.0,1068249.0,1085456.0,1103569.0,1121189.0,1137516.0,1149716.0,1152596.0,1152654.0,1165947.0,1180522.0,1192712.0,1196854.0,1198498.0,1199473.0,1199475.0,1204370.0,1210211.0,1217038.0,1226320.0,1235181.0,1237161.0,1237245.0,1249325.0,1258397.0,1269791.0,1277383.0,1283947.0,1285401.0,1285443.0,1285829.0,1296368.0,1304253.0,1313601.0,1317905.0,1318878.0,1318900.0,1318949.0,1322222.0,1325301.0,1333146.0,1338966.0,1340333.0,1340349.0,1344613.0,1348727.0,1356706.0,1363524.0,1369904.0,1371763.0,1371777.0,1377010.0,1385398.0,1391554.0,1399034.0,1399093.0,1399894.0,1399933.0,1404625.0,1407949.0,1410347.0,1413134.0,1416256.0,1418890.0,1418917.0,1419990.0,1420494.0,1420931.0,1421278.0,1421846.0,1421869.0,1421869.0,1432091.0,1445468.0,1445590.0,1445692.0,1445767.0,1445767.0,1445767.0,1454471.0,1461585.0,1461688.0,1461760.0,1461816.0,1461816.0,1461816.0,1465349.0,1468818.0,1468881.0,1468960.0,1469013.0,1469019.0,1469019.0,1471967.0,1474647.0,1476436.0,1476508.0,1476545.0,1476545.0,1476545.0,1478554.0,1480539.0,1480584.0,1480625.0,1480651.0,1480651.0,1480651.0,1482331.0,1483930.0,1483994.0,1484047.0,1484071.0,1484076.0,1484076.0,1491507.0,1497112.0,1503428.0,1506282.0,1506282.0,1506282.0,1506282.0,1513052.0,1518767.0,1526332.0,1531245.0,1539236.0,1539258.0,1539258.0,1548953.0,1560159.0,1570742.0,1582312.0,1592454.0,1592802.0,1592802.0,1601207.0,1608963.0,1616134.0,1622259.0,1627416.0,1627561.0,1627561.0,1627573.0,1633564.0,1639837.0,1645319.0,1649610.0,1649677.0,1649678.0,1653918.0,1659081.0,1664093.0,1668041.0,1670978.0,1671038.0,1671038.0,1675039.0,1678736.0,1683037.0,1686711.0,1689505.0,1689557.0,1689573.0,1689603.0,1692335.0,1694879.0,1697363.0,1699911.0,1699963.0,1700002.0,1702371.0,1704529.0,1706241.0,1707968.0,1709681.0,1709823.0,1709861.0,1711789.0,1713754.0,1715305.0,1716634.0,1717873.0,1717999.0,1717999.0,1719218.0,1720382.0,1721423.0,1722342.0,1723207.0,1723314.0,1723344.0,1724490.0,1725622.0,1726607.0,1727459.0,1728222.0,1728281.0,1728306.0,1729588.0,1730830.0,1730887.0,1735347.0,1738995.0,1739136.0,1739166.0,1742718.0,1746062.0,1749058.0,1751692.0,1753807.0,1754000.0,1754000.0,1756153.0,1757984.0,1759048.0
Metropolitana,Primera,420.0,2938.0,5425.0,5719.0,5719.0,5719.0,5719.0,5719.0,5719.0,5719.0,5719.0,5824.0,5824.0,5824.0,5824.0,5824.0,5824.0,5824.0,5824.0,5824.0,5824.0,7076.0,7949.0,7972.0,7972.0,7972.0,7972.0,7972.0,7988.0,7998.0,7998.0,7998.0,8004.0,8014.0,8014.0,8014.0,8014.0,8015.0,8015.0,8015.0,12106.0,71917.0,135255.0,197915.0,208242.0,210168.0,293882.0,385204.0,486943.0,578057.0,665045.0,678949.0,680691.0,785084.0,870714.0,945174.0,1006358.0,1062802.0,1068082.0,1068487.0,1105841.0,1136539.0,1164483.0,1192445.0,1216359.0,1220168.0,1220280.0,1277288.0,1340196.0,1404174.0,1465729.0,1524715.0,1530432.0,1530843.0,1583929.0,1636357.0,1687380.0,1751487.0,1808469.0,1822989.0,1823917.0,1884399.0,1948018.0,2006978.0,2066382.0,2123161.0,2139116.0,2140052.0,2201496.0,2265755.0,2331638.0,2402968.0,2477941.0,2487515.0,2488091.0,2552094.0,2608783.0,2662697.0,2719344.0,2720243.0,2720966.0,2721217.0,2751878.0,2787509.0,2824785.0,2855220.0,2884461.0,2891879.0,2892358.0,2927051.0,2956995.0,2990118.0,3015841.0,3038636.0,3043215.0,3043760.0,3059841.0,3073650.0,3083468.0,3106962.0,3121775.0,3124773.0,3124890.0,3141714.0,3155389.0,3172661.0,3183083.0,3205775.0,3206225.0,3206369.0,3236387.0,3268374.0,3301643.0,3335473.0,3371152.0,3381055.0,3381379.0,3426647.0,3472055.0,3516976.0,3559008.0,3604319.0,3604319.0,3604321.0,3664442.0,3726074.0,3778996.0,3831041.0,3833792.0,3847353.0,3848632.0,3923270.0,4000671.0,4076884.0,4148198.0,4209492.0,4236483.0,4242569.0,4309607.0,4369416.0,4414569.0,4432694.0,4442023.0,4449045.0,4450346.0,4464294.0,4482000.0,4506552.0,4544770.0,4578554.0,4592154.0,4593135.0,4638837.0,4673812.0,4720401.0,4750880.0,4775759.0,4785546.0,4786925.0,4790968.0,4831659.0,4857279.0,4868889.0,4882749.0,4889769.0,4890456.0,4890775.0,4907736.0,4930359.0,4969061.0,4996469.0,5005990.0,5007603.0,5026652.0,5042049.0,5069940.0,5090106.0,5105490.0,5117569.0,5119386.0,5131348.0,5157206.0,5171888.0,5200500.0,5201220.0,5206571.0,5207243.0,5220403.0,5230105.0,5237140.0,5240745.0,5263113.0,5273220.0,5274370.0,5277047.0,5278771.0,5279325.0,5281586.0,5283859.0,5284112.0,5284125.0,5323852.0,5365137.0,5365684.0,5366257.0,5366898.0,5366946.0,5366998.0,5398575.0,5426000.0,5426637.0,5427183.0,5427945.0,5427996.0,5428211.0,5443163.0,5455317.0,5455734.0,5456112.0,5456329.0,5456382.0,5456396.0,5464486.0,5471640.0,5476693.0,5477015.0,5477385.0,5477435.0,5477448.0,5483085.0,5488700.0,5489026.0,5489287.0,5489445.0,5489489.0,5489499.0,5494232.0,5499220.0,5499517.0,5499744.0,5499893.0,5499928.0,5499933.0,5528029.0,5549059.0,5571871.0,5583201.0,5583213.0,5583215.0,5583215.0,5611108.0,5635721.0,5666677.0,5686528.0,5718040.0,5718231.0,5718377.0,5757464.0,5803913.0,5851725.0,5895873.0,5935689.0,5936826.0,5936976.0,5969077.0,5998219.0,6025246.0,6049129.0,6069450.0,6070027.0,6070052.0,6070076.0,6092846.0,6116411.0,6135004.0,6151268.0,6151898.0,6151898.0,6167565.0,6187074.0,6204601.0,6220119.0,6232508.0,6232838.0,6232901.0,6247558.0,6261181.0,6274416.0,6286189.0,6295762.0,6296686.0,6296881.0,6296912.0,6307380.0,6317982.0,6327478.0,6335927.0,6337352.0,6337418.0,6346477.0,6354519.0,6362063.0,6368579.0,6374882.0,6376057.0,6376114.0,6383181.0,6389250.0,6394874.0,6399719.0,6404018.0,6404689.0,6404689.0,6409405.0,6413695.0,6417536.0,6421032.0,6424316.0,6425016.0,6425081.0,6429122.0,6433159.0,6436875.0,6440244.0,6443293.0,6443855.0,6443921.0,6449567.0,6455279.0,6455279.0,6473646.0,6490676.0,6492546.0,6492675.0,6506506.0,6518936.0,6530067.0,6540592.0,6549395.0,6550792.0,6550807.0,6558639.0,6565415.0,6569112.0
O’Higgins,Primera,0.0,0.0,0.0,0.0,0.0,0.0,0.0,0.0,0.0,0.0,0.0,0.0,0.0,0.0,0.0,0.0,0.0,0.0,0.0,0.0,0.0,0.0,0.0,0.0,0.0,2191.0,7950.0,10305.0,11602.0,11677.0,11677.0,11677.0,11677.0,11677.0,11677.0,11677.0,11677.0,11677.0,11677.0,11677.0,11922.0,18984.0,28349.0,37238.0,38357.0,38417.0,48286.0,57744.0,70932.0,82150.0,93283.0,94498.0,94518.0,109725.0,122784.0,134137.0,143197.0,150921.0,151352.0,151364.0,157696.0,163180.0,168095.0,172987.0,176746.0,177070.0,177070.0,186557.0,196531.0,205825.0,213864.0,221802.0,222160.0,222162.0,230314.0,238342.0,246080.0,255970.0,264959.0,265483.0,265487.0,275110.0,284504.0,292854.0,300372.0,307857.0,308176.0,308179.0,315845.0,323528.0,331517.0,339146.0,347819.0,347972.0,348034.0,356935.0,365560.0,373805.0,381604.0,381611.0,381627.0,381652.0,385915.0,390588.0,395864.0,398806.0,400347.0,400400.0,400400.0,403636.0,407937.0,412751.0,416403.0,419718.0,419953.0,419973.0,421882.0,423783.0,425536.0,428385.0,430640.0,430681.0,430681.0,432695.0,434818.0,437161.0,438954.0,441717.0,441717.0,441718.0,446764.0,451917.0,457081.0,462127.0,467508.0,467730.0,467730.0,474312.0,480909.0,487444.0,493384.0,499702.0,499745.0,499745.0,506724.0,514832.0,523610.0,534444.0,536865.0,537364.0,537364.0,547173.0,557652.0,567007.0,573845.0,582059.0,583004.0,583060.0,591012.0,599326.0,604476.0,607253.0,610530.0,610757.0,610760.0,614932.0,619077.0,624488.0,630466.0,635348.0,636051.0,636076.0,642335.0,647096.0,652633.0,655581.0,659488.0,660052.0,660064.0,660987.0,667189.0,671928.0,673518.0,674778.0,674856.0,674856.0,674884.0,677225.0,680663.0,686323.0,690209.0,690512.0,690523.0,693093.0,695376.0,699873.0,703029.0,705585.0,705997.0,706023.0,709410.0,714856.0,717827.0,718708.0,718710.0,718712.0,718712.0,720109.0,721005.0,721976.0,722919.0,727982.0,728091.0,728144.0,729047.0,729318.0,729492.0,729928.0,730356.0,730368.0,730368.0,733678.0,739326.0,740499.0,741174.0,741565.0,741585.0,741585.0,744546.0,746840.0,747265.0,747593.0,747760.0,747760.0,747760.0,749379.0,751092.0,751445.0,751674.0,751905.0,751913.0,751913.0,752867.0,753977.0,754527.0,754768.0,754940.0,754953.0,754953.0,755857.0,756838.0,757028.0,757165.0,757302.0,757344.0,757344.0,758018.0,758881.0,759030.0,759161.0,759284.0,759308.0,759308.0,763209.0,767348.0,770987.0,772701.0,772701.0,772701.0,772701.0,777077.0,781332.0,786175.0,789494.0,793304.0,793366.0,793366.0,800345.0,808719.0,817398.0,825289.0,832342.0,832689.0,832766.0,837814.0,842189.0,846081.0,849491.0,852417.0,852476.0,852476.0,852476.0,855269.0,858684.0,861525.0,863982.0,864082.0,864082.0,866127.0,867975.0,869745.0,871209.0,872448.0,872469.0,872469.0,873753.0,875338.0,876902.0,878378.0,879723.0,879803.0,879803.0,879803.0,881143.0,882549.0,883955.0,885231.0,885340.0,885340.0,886469.0,887768.0,888833.0,889815.0,890775.0,890967.0,890967.0,892070.0,892973.0,893681.0,894321.0,894918.0,894985.0,895006.0,895670.0,896229.0,896792.0,897259.0,897665.0,897756.0,897756.0,898295.0,898833.0,899292.0,899730.0,900111.0,900159.0,900159.0,900777.0,901543.0,901543.0,903748.0,905669.0,905797.0,905797.0,907621.0,909286.0,910700.0,912076.0,913186.0,913282.0,913317.0,914455.0,915438.0,915947.0
Maule,Primera,0.0,0.0,0.0,0.0,0.0,0.0,0.0,0.0,0.0,0.0,0.0,230.0,503.0,503.0,503.0,503.0,503.0,503.0,503.0,503.0,503.0,503.0,503.0,503.0,503.0,503.0,503.0,503.0,503.0,503.0,503.0,503.0,503.0,512.0,512.0,512.0,512.0,512.0,512.0,512.0,1669.0,14339.0,26646.0,39883.0,43782.0,46416.0,61115.0,76155.0,92704.0,107736.0,120447.0,121894.0,122482.0,136573.0,149571.0,161176.0,170271.0,179222.0,179593.0,179755.0,186904.0,193335.0,199211.0,204989.0,211430.0,211709.0,211718.0,219306.0,228785.0,237739.0,245237.0,251876.0,252534.0,252782.0,261138.0,270038.0,279703.0,290600.0,300610.0,302134.0,302677.0,313684.0,324152.0,333271.0,342070.0,350440.0,351065.0,351254.0,360325.0,369530.0,378519.0,386967.0,395906.0,396037.0,396064.0,405366.0,413175.0,420288.0,428598.0,428624.0,428655.0,428684.0,434451.0,440827.0,446772.0,451925.0,456757.0,457051.0,457080.0,460341.0,464587.0,468592.0,471315.0,473872.0,474108.0,474129.0,476777.0,478957.0,481104.0,484210.0,486694.0,486841.0,486856.0,488487.0,490536.0,492449.0,493850.0,497594.0,497629.0,497643.0,502189.0,507757.0,512921.0,518394.0,524541.0,525437.0,525454.0,532017.0,539207.0,546305.0,552612.0,559836.0,559890.0,559890.0,567109.0,575690.0,583860.0,592516.0,592815.0,594386.0,595553.0,606434.0,619004.0,630979.0,641599.0,652047.0,654571.0,655275.0,665417.0,670885.0,676094.0,680043.0,684143.0,685486.0,685657.0,690309.0,694847.0,700638.0,707105.0,711634.0,712002.0,712024.0,717485.0,722822.0,729075.0,733462.0,737609.0,738352.0,738400.0,738599.0,744320.0,749543.0,752146.0,754262.0,754370.0,754423.0,754429.0,756964.0,759782.0,764870.0,768804.0,769378.0,769397.0,771662.0,774324.0,778980.0,782671.0,785790.0,786475.0,786494.0,789616.0,794760.0,798016.0,802879.0,802897.0,803164.0,803164.0,805334.0,807553.0,809672.0,813110.0,818452.0,819436.0,819436.0,820408.0,820714.0,820952.0,821192.0,821484.0,821513.0,821513.0,828015.0,834776.0,834901.0,834958.0,835033.0,835033.0,835033.0,839331.0,843258.0,843319.0,843441.0,843518.0,843519.0,843519.0,845695.0,847899.0,847966.0,847995.0,848034.0,848034.0,848034.0,849737.0,851242.0,852137.0,852185.0,852227.0,852228.0,852228.0,853429.0,854604.0,854638.0,854656.0,854676.0,854676.0,854676.0,855434.0,856422.0,856460.0,856485.0,856501.0,856502.0,856502.0,860438.0,863518.0,866509.0,868031.0,868032.0,868034.0,868034.0,872173.0,876257.0,880849.0,884089.0,887872.0,887872.0,887872.0,894078.0,903652.0,913094.0,921661.0,928608.0,928789.0,928790.0,934514.0,940002.0,944474.0,949171.0,952685.0,952783.0,952783.0,952783.0,956323.0,959965.0,963340.0,965105.0,965181.0,965181.0,967397.0,969761.0,971774.0,973608.0,975352.0,975385.0,975385.0,977411.0,979208.0,980732.0,982147.0,983554.0,983961.0,983962.0,983962.0,985669.0,987247.0,988635.0,989899.0,990042.0,990042.0,991294.0,992424.0,993462.0,994379.0,995327.0,995497.0,995497.0,996605.0,997599.0,998493.0,999175.0,999835.0,999866.0,999906.0,1000560.0,1001158.0,1001655.0,1002138.0,1002594.0,1002666.0,1002677.0,1003293.0,1003865.0,1004416.0,1005023.0,1005511.0,1005577.0,1005584.0,1006469.0,1007580.0,1007600.0,1010008.0,1012404.0,1012584.0,1012602.0,1014874.0,1017029.0,1018882.0,1020497.0,1021815.0,1021866.0,1021889.0,1023144.0,1024372.0,1024852.0
Ñuble,Primera,0.0,0.0,0.0,0.0,0.0,0.0,0.0,0.0,0.0,0.0,0.0,0.0,0.0,0.0,0.0,0.0,0.0,0.0,0.0,0.0,0.0,0.0,0.0,0.0,0.0,1721.0,5440.0,7788.0,7788.0,7788.0,7788.0,7788.0,7788.0,7788.0,7788.0,7788.0,7788.0,7788.0,7788.0,7788.0,7827.0,13479.0,20182.0,26379.0,26615.0,26731.0,33945.0,41796.0,50907.0,61284.0,70119.0,70415.0,70666.0,78162.0,84525.0,90441.0,95596.0,99933.0,100132.0,100132.0,104200.0,108012.0,111300.0,114586.0,117243.0,117297.0,117355.0,120873.0,124885.0,128433.0,131307.0,133685.0,133765.0,133801.0,138439.0,143491.0,148488.0,154508.0,159640.0,159845.0,160059.0,165940.0,171724.0,176493.0,180772.0,184798.0,185024.0,185230.0,189126.0,193241.0,197361.0,201434.0,205440.0,205484.0,205543.0,209382.0,212724.0,215838.0,220495.0,220496.0,220496.0,220496.0,223555.0,226804.0,229948.0,232897.0,235856.0,236081.0,236108.0,238058.0,239625.0,240876.0,241875.0,243123.0,243203.0,243217.0,244215.0,245206.0,245937.0,247248.0,248129.0,248166.0,248167.0,249406.0,250344.0,251456.0,252297.0,253141.0,253142.0,253142.0,255030.0,257019.0,259120.0,260978.0,262895.0,263144.0,263163.0,265478.0,267960.0,270479.0,272705.0,275106.0,275236.0,275334.0,277618.0,281613.0,287526.0,293960.0,294154.0,294542.0,294706.0,299287.0,304019.0,308302.0,312750.0,316341.0,317043.0,317169.0,321494.0,325414.0,328525.0,330615.0,332442.0,332821.0,332896.0,334611.0,336292.0,338271.0,340488.0,342081.0,342546.0,342656.0,344816.0,346518.0,348660.0,350356.0,351877.0,352235.0,352301.0,352431.0,354771.0,357078.0,359125.0,360334.0,360555.0,360591.0,360669.0,361586.0,362494.0,364271.0,365864.0,366234.0,366279.0,367390.0,368512.0,370127.0,371707.0,373396.0,373799.0,373913.0,375397.0,377593.0,379478.0,381084.0,381133.0,381402.0,381454.0,383123.0,384755.0,386241.0,387684.0,388641.0,388993.0,389034.0,389495.0,389758.0,389957.0,390090.0,390246.0,390261.0,390265.0,392776.0,395820.0,395857.0,395885.0,395902.0,395902.0,395902.0,397606.0,399113.0,399132.0,399149.0,399159.0,399159.0,399159.0,400022.0,400829.0,400845.0,400858.0,400869.0,400869.0,400869.0,401635.0,402284.0,402660.0,402686.0,402749.0,402750.0,402750.0,403320.0,403891.0,403910.0,403931.0,403943.0,403944.0,403944.0,404417.0,404916.0,404933.0,404945.0,404953.0,404953.0,404953.0,406539.0,407805.0,409095.0,409723.0,409723.0,409723.0,409723.0,411282.0,412882.0,414664.0,415976.0,417395.0,417405.0,417405.0,420107.0,423504.0,427114.0,430203.0,433194.0,433365.0,433521.0,435613.0,438059.0,439768.0,441678.0,443186.0,443311.0,443365.0,443365.0,445017.0,446532.0,448216.0,448987.0,449057.0,449109.0,450136.0,451912.0,452938.0,453941.0,454691.0,454740.0,454763.0,455632.0,456674.0,457411.0,458169.0,458771.0,458816.0,458842.0,458879.0,459577.0,460177.0,460827.0,461358.0,461410.0,461462.0,461979.0,462489.0,462897.0,463333.0,463771.0,463846.0,463903.0,464359.0,464773.0,465138.0,465456.0,465808.0,465867.0,465885.0,466238.0,466490.0,466716.0,466963.0,467187.0,467249.0,467282.0,467581.0,467855.0,468076.0,468285.0,468496.0,468560.0,468586.0,468943.0,469371.0,469405.0,470110.0,470862.0,470937.0,470963.0,471751.0,472480.0,473075.0,473690.0,474182.0,474248.0,474271.0,474782.0,475258.0,475476.0
Biobío,Primera,0.0,1389.0,2045.0,2060.0,2060.0,2060.0,2060.0,2060.0,2060.0,2060.0,2060.0,2060.0,2060.0,2060.0,2060.0,2060.0,2060.0,2060.0,2060.0,2060.0,2060.0,2093.0,2147.0,2147.0,2147.0,2147.0,2147.0,2147.0,2147.0,2147.0,2147.0,2147.0,2147.0,2147.0,2147.0,2147.0,2147.0,2147.0,2147.0,2147.0,6317.0,28228.0,46745.0,63181.0,67343.0,69969.0,93416.0,120898.0,152429.0,181123.0,203075.0,206316.0,207595.0,228859.0,245749.0,260173.0,271101.0,281041.0,282180.0,282572.0,291088.0,298830.0,306594.0,315818.0,322602.0,322950.0,323108.0,334545.0,347849.0,361144.0,373271.0,383983.0,384622.0,384839.0,396698.0,409814.0,422419.0,439764.0,454883.0,458096.0,458970.0,474073.0,490189.0,504876.0,518553.0,531325.0,533997.0,535157.0,547496.0,560264.0,573146.0,585292.0,599653.0,600260.0,600285.0,613129.0,623895.0,634981.0,646320.0,646516.0,646588.0,646590.0,652800.0,660390.0,668477.0,675307.0,680891.0,682140.0,682360.0,688736.0,694783.0,700593.0,704570.0,708330.0,708716.0,708758.0,712249.0,714784.0,717027.0,721368.0,724433.0,724952.0,725072.0,728334.0,731141.0,734513.0,736876.0,741515.0,741633.0,742102.0,748544.0,755452.0,762053.0,768935.0,775264.0,776770.0,776990.0,784771.0,792901.0,801049.0,808406.0,815693.0,815702.0,815709.0,824626.0,834315.0,842925.0,851214.0,851218.0,853978.0,854611.0,867919.0,882761.0,897054.0,910351.0,921877.0,926259.0,927637.0,940563.0,951637.0,962485.0,969376.0,975256.0,977216.0,977519.0,981684.0,985433.0,991527.0,998992.0,1004662.0,1006469.0,1006525.0,1014696.0,1021090.0,1029666.0,1035036.0,1039572.0,1040763.0,1040857.0,1041251.0,1049797.0,1056790.0,1063563.0,1068174.0,1069013.0,1069156.0,1069199.0,1071655.0,1074038.0,1080664.0,1085710.0,1086646.0,1086802.0,1090155.0,1093390.0,1100079.0,1105395.0,1109974.0,1111313.0,1111552.0,1116615.0,1124685.0,1130748.0,1137091.0,1137159.0,1137695.0,1137739.0,1142772.0,1147494.0,1151954.0,1159654.0,1163971.0,1166502.0,1166959.0,1167968.0,1168761.0,1169406.0,1170043.0,1170706.0,1170732.0,1170735.0,1180022.0,1191032.0,1191257.0,1191417.0,1191600.0,1191601.0,1191601.0,1197786.0,1203545.0,1203730.0,1203899.0,1204040.0,1204041.0,1204042.0,1207078.0,1209893.0,1210172.0,1210427.0,1210630.0,1210634.0,1210635.0,1212905.0,1214848.0,1216057.0,1216276.0,1216468.0,1216469.0,1216469.0,1217981.0,1219522.0,1219730.0,1219912.0,1220064.0,1220069.0,1220069.0,1221278.0,1222574.0,1222752.0,1222952.0,1223098.0,1223098.0,1223099.0,1227946.0,1231868.0,1235990.0,1238019.0,1238019.0,1238019.0,1238019.0,1243393.0,1248834.0,1255094.0,1259677.0,1265118.0,1265126.0,1265129.0,1274945.0,1286655.0,1297876.0,1308393.0,1317732.0,1317915.0,1317915.0,1325214.0,1331993.0,1338410.0,1344500.0,1349156.0,1349274.0,1349275.0,1349275.0,1354227.0,1359066.0,1363373.0,1366434.0,1366475.0,1366475.0,1369476.0,1372637.0,1374933.0,1377653.0,1379888.0,1379922.0,1379922.0,1382230.0,1384391.0,1386486.0,1388780.0,1390758.0,1390938.0,1390938.0,1390951.0,1393146.0,1394894.0,1397080.0,1398881.0,1399086.0,1399091.0,1400901.0,1402592.0,1404206.0,1405643.0,1407185.0,1407437.0,1407456.0,1408928.0,1410407.0,1411624.0,1412776.0,1413817.0,1413971.0,1413971.0,1415043.0,1416002.0,1416778.0,1417653.0,1418476.0,1418690.0,1418704.0,1419794.0,1420941.0,1421874.0,1422714.0,1423560.0,1423736.0,1423758.0,1425064.0,1426361.0,1426463.0,1429401.0,1432201.0,1432669.0,1432722.0,1435384.0,1437693.0,1439910.0,1441883.0,1443734.0,1444026.0,1444053.0,1445728.0,1447255.0,1447927.0
Araucanía,Primera,0.0,710.0,710.0,710.0,710.0,710.0,710.0,710.0,710.0,710.0,710.0,710.0,710.0,710.0,710.0,710.0,710.0,710.0,710.0,710.0,710.0,721.0,721.0,721.0,721.0,721.0,721.0,721.0,721.0,721.0,721.0,721.0,721.0,721.0,721.0,721.0,721.0,721.0,721.0,721.0,944.0,13336.0,22447.0,30500.0,31629.0,31631.0,42804.0,57202.0,72077.0,86313.0,100195.0,102270.0,102271.0,118675.0,132773.0,143394.0,152464.0,160760.0,161142.0,161142.0,168620.0,175435.0,181202.0,186069.0,191190.0,191803.0,191804.0,199328.0,209521.0,217995.0,225522.0,232561.0,232972.0,232972.0,240934.0,248763.0,256773.0,266769.0,275955.0,276654.0,276654.0,285668.0,295058.0,303425.0,311228.0,318854.0,319278.0,319278.0,326552.0,333672.0,341034.0,348146.0,355301.0,355590.0,355590.0,362708.0,368796.0,374201.0,380189.0,380206.0,380224.0,380224.0,384029.0,388648.0,393328.0,397060.0,400649.0,400812.0,400812.0,404166.0,408361.0,412084.0,415087.0,417926.0,418049.0,418049.0,420681.0,423469.0,425569.0,428599.0,431073.0,431493.0,431514.0,433983.0,436483.0,439040.0,440975.0,443633.0,443657.0,443657.0,447554.0,451890.0,455989.0,459981.0,464079.0,464638.0,464638.0,469760.0,475359.0,480735.0,485452.0,490531.0,490561.0,490569.0,495574.0,501152.0,506563.0,512724.0,513798.0,515196.0,515200.0,523834.0,533426.0,542825.0,550681.0,557285.0,557590.0,557590.0,565076.0,573616.0,580708.0,584230.0,586371.0,586861.0,586861.0,590255.0,593406.0,597525.0,602139.0,605780.0,606054.0,606054.0,611072.0,615243.0,620163.0,623449.0,626083.0,626328.0,626328.0,626415.0,631210.0,635396.0,636943.0,638081.0,638142.0,638142.0,638149.0,640183.0,642809.0,647063.0,650949.0,651403.0,651403.0,654539.0,657868.0,662236.0,665627.0,668854.0,669278.0,669278.0,672798.0,677362.0,680710.0,684616.0,684717.0,684977.0,684977.0,689180.0,692639.0,695167.0,696646.0,699142.0,699549.0,699549.0,700741.0,701361.0,701706.0,702068.0,702496.0,702546.0,702546.0,709492.0,718291.0,718599.0,718701.0,718809.0,718813.0,718813.0,724514.0,729788.0,729866.0,729949.0,730003.0,730007.0,730007.0,733285.0,736145.0,736229.0,736276.0,736315.0,736316.0,736316.0,738552.0,740479.0,741668.0,741720.0,741786.0,741790.0,741790.0,743406.0,744728.0,744814.0,744861.0,744902.0,744905.0,744905.0,746257.0,747502.0,747552.0,747580.0,747616.0,747616.0,747616.0,751756.0,755165.0,758941.0,760812.0,760818.0,760818.0,760818.0,764310.0,767968.0,772073.0,775127.0,779080.0,779195.0,779195.0,783864.0,789790.0,796375.0,802139.0,808114.0,808673.0,808673.0,813655.0,818492.0,822461.0,826441.0,830524.0,830758.0,830758.0,830759.0,834137.0,837343.0,840106.0,842610.0,842722.0,842722.0,845719.0,848061.0,850109.0,852033.0,853972.0,854076.0,854076.0,855812.0,857566.0,859191.0,860941.0,862538.0,862636.0,862636.0,862636.0,864109.0,865514.0,867006.0,868541.0,868606.0,868606.0,869855.0,871165.0,872323.0,873337.0,874373.0,874469.0,874469.0,875621.0,876638.0,877518.0,878344.0,879143.0,879180.0,879180.0,879954.0,880697.0,881422.0,881996.0,882631.0,882689.0,882694.0,883467.0,884124.0,884771.0,885282.0,885807.0,885867.0,885867.0,886580.0,887317.0,887318.0,888859.0,890439.0,890535.0,890536.0,892175.0,893765.0,895196.0,896401.0,897539.0,897641.0,897644.0,898759.0,899780.0,900294.0
Los Ríos,Primera,0.0,0.0,0.0,0.0,0.0,0.0,0.0,0.0,0.0,0.0,0.0,70.0,145.0,145.0,145.0,145.0,145.0,145.0,145.0,145.0,145.0,145.0,145.0,145.0,145.0,145.0,145.0,145.0,145.0,145.0,145.0,145.0,145.0,145.0,145.0,145.0,145.0,145.0,145.0,145.0,770.0,5511.0,10191.0,14574.0,15140.0,15657.0,21113.0,28013.0,35140.0,42234.0,47637.0,48446.0,48889.0,54487.0,58347.0,61686.0,64677.0,67474.0,67547.0,67601.0,70596.0,73057.0,75194.0,77115.0,78671.0,78690.0,78691.0,80692.0,84540.0,88736.0,92200.0,95050.0,95206.0,95241.0,98722.0,102479.0,105766.0,109986.0,113093.0,113244.0,113375.0,116996.0,120882.0,124011.0,126487.0,129244.0,129377.0,129578.0,132860.0,135979.0,139216.0,143151.0,147180.0,147340.0,147344.0,150562.0,153021.0,155411.0,157975.0,158102.0,158228.0,158296.0,159815.0,161494.0,163023.0,164809.0,166815.0,166983.0,167032.0,168466.0,170069.0,172101.0,173843.0,175575.0,175955.0,175956.0,176789.0,177826.0,178630.0,179568.0,180139.0,180215.0,180222.0,180796.0,181253.0,181631.0,182144.0,183124.0,183274.0,183283.0,184351.0,185551.0,186840.0,188338.0,190087.0,190370.0,190370.0,191885.0,193578.0,195293.0,196823.0,198415.0,198466.0,198466.0,200137.0,202445.0,205053.0,207789.0,208433.0,209211.0,209253.0,212573.0,216757.0,220407.0,223795.0,226738.0,226778.0,226781.0,229334.0,232692.0,234970.0,236281.0,237312.0,237448.0,237478.0,238914.0,240568.0,242518.0,244506.0,245983.0,246041.0,246041.0,248075.0,250188.0,252152.0,253379.0,254168.0,254371.0,254371.0,254606.0,257072.0,258905.0,260082.0,260973.0,261249.0,261286.0,261463.0,262133.0,262912.0,264422.0,265688.0,265924.0,265926.0,267159.0,268292.0,269687.0,270961.0,272454.0,272791.0,272792.0,274566.0,276584.0,278183.0,279937.0,280045.0,280335.0,280335.0,282351.0,284139.0,285721.0,287389.0,288305.0,288735.0,288750.0,289308.0,289825.0,290226.0,290477.0,290796.0,290899.0,290899.0,293391.0,296615.0,297160.0,297508.0,297795.0,297798.0,297798.0,298971.0,300272.0,300672.0,300917.0,301101.0,301154.0,301157.0,302128.0,302981.0,303163.0,303305.0,303445.0,303470.0,303478.0,303994.0,304479.0,304816.0,304989.0,305145.0,305161.0,305168.0,305640.0,306086.0,306246.0,306412.0,306541.0,306556.0,306556.0,306837.0,307125.0,307251.0,307376.0,307468.0,307484.0,307493.0,308496.0,309413.0,310348.0,310929.0,310929.0,310929.0,310929.0,312094.0,313216.0,314362.0,315375.0,316407.0,316460.0,316495.0,317914.0,319500.0,321355.0,322915.0,324573.0,325005.0,325011.0,326667.0,328517.0,329919.0,331286.0,332666.0,332763.0,332763.0,332796.0,334253.0,335413.0,336678.0,337247.0,337285.0,337287.0,338096.0,339116.0,339927.0,340818.0,341428.0,341498.0,341498.0,342238.0,342973.0,343583.0,344306.0,344871.0,345001.0,345002.0,345029.0,345695.0,346266.0,346803.0,347315.0,347377.0,347377.0,347960.0,348562.0,349094.0,349587.0,350047.0,350089.0,350098.0,350575.0,351031.0,351385.0,351680.0,351968.0,352023.0,352035.0,352331.0,352601.0,352839.0,353072.0,353321.0,353362.0,353383.0,353686.0,353969.0,354206.0,354443.0,354701.0,354754.0,354766.0,355146.0,355473.0,355496.0,356081.0,356707.0,356828.0,356828.0,357511.0,358067.0,358549.0,359056.0,359479.0,359549.0,359615.0,360005.0,360426.0,360637.0
Los Lagos,Primera,0.0,0.0,0.0,0.0,0.0,0.0,0.0,0.0,0.0,0.0,0.0,0.0,375.0,540.0,540.0,540.0,540.0,540.0,540.0,540.0,540.0,540.0,540.0,540.0,540.0,540.0,540.0,540.0,540.0,540.0,540.0,540.0,542.0,542.0,543.0,543.0,543.0,543.0,543.0,543.0,802.0,9742.0,18287.0,26914.0,30498.0,31184.0,44060.0,57040.0,70067.0,82234.0,93543.0,96686.0,96810.0,110914.0,121614.0,129313.0,136026.0,142360.0,142746.0,142753.0,148360.0,153610.0,158671.0,163626.0,169252.0,169590.0,169590.0,175645.0,182311.0,188775.0,194509.0,199758.0,200538.0,200649.0,206611.0,213066.0,219179.0,226254.0,232964.0,234442.0,234457.0,241603.0,249789.0,256612.0,263334.0,268640.0,269568.0,269576.0,275548.0,282506.0,290112.0,297580.0,304361.0,304913.0,304913.0,310723.0,316716.0,323013.0,329583.0,329588.0,329596.0,329596.0,333551.0,338240.0,342692.0,345760.0,348627.0,348768.0,348768.0,351794.0,355739.0,359806.0,363369.0,366018.0,366204.0,366204.0,366787.0,367437.0,367997.0,369261.0,370894.0,371068.0,371069.0,373844.0,376821.0,378716.0,380412.0,381699.0,381699.0,381699.0,385107.0,388787.0,392084.0,395384.0,398535.0,398871.0,398871.0,402731.0,407162.0,411708.0,416065.0,420395.0,420470.0,420470.0,425585.0,431181.0,436320.0,441141.0,441141.0,441256.0,441256.0,449169.0,457986.0,466992.0,475472.0,482998.0,483207.0,483208.0,490718.0,498135.0,504359.0,507728.0,511607.0,512146.0,512146.0,516727.0,521890.0,527137.0,532402.0,536155.0,536799.0,536799.0,540686.0,544569.0,548632.0,551580.0,554162.0,554782.0,554782.0,554782.0,558633.0,562732.0,565486.0,567269.0,567802.0,567805.0,567824.0,570439.0,573038.0,576949.0,580305.0,580747.0,580747.0,583295.0,585636.0,588760.0,590718.0,592595.0,592712.0,592712.0,595157.0,598755.0,601264.0,605991.0,605991.0,606036.0,606036.0,607952.0,610106.0,611852.0,613674.0,616103.0,619353.0,619478.0,620064.0,620311.0,620524.0,620924.0,621336.0,621338.0,621338.0,628869.0,634993.0,635379.0,635577.0,635834.0,635834.0,635834.0,641122.0,645848.0,646094.0,646230.0,646342.0,646344.0,646344.0,648595.0,650747.0,650837.0,650905.0,650995.0,650996.0,650996.0,652648.0,653984.0,654839.0,654925.0,655004.0,655004.0,655004.0,656054.0,657284.0,657366.0,657463.0,657523.0,657523.0,657523.0,658585.0,659589.0,659640.0,659691.0,659759.0,659759.0,659759.0,662908.0,665488.0,668536.0,670011.0,670011.0,670011.0,670011.0,672930.0,676175.0,679765.0,682804.0,686685.0,686685.0,686686.0,691395.0,697469.0,703168.0,708042.0,713338.0,713845.0,713845.0,716531.0,719316.0,721848.0,723884.0,725758.0,725816.0,725816.0,725816.0,727749.0,729547.0,731369.0,733088.0,733175.0,733175.0,734930.0,736755.0,738461.0,740088.0,741510.0,741659.0,741659.0,743212.0,744658.0,746243.0,747469.0,748648.0,748655.0,748656.0,748656.0,750106.0,751517.0,752968.0,754547.0,754822.0,754822.0,756217.0,757561.0,758601.0,759676.0,760653.0,760758.0,760763.0,761783.0,762760.0,763640.0,764471.0,765206.0,765259.0,765259.0,766053.0,766817.0,767535.0,768211.0,768718.0,768778.0,768778.0,769570.0,770322.0,771068.0,771649.0,772212.0,772227.0,772227.0,773077.0,774009.0,774009.0,775475.0,776781.0,776934.0,776934.0,778370.0,779811.0,781079.0,782307.0,783361.0,783508.0,783508.0,784555.0,785397.0,785842.0
Aysén,Primera,0.0,0.0,0.0,0.0,0.0,0.0,0.0,0.0,0.0,0.0,0.0,0.0,0.0,0.0,0.0,0.0,0.0,0.0,0.0,0.0,0.0,0.0,0.0,0.0,0.0,631.0,1706.0,1981.0,2051.0,2051.0,2051.0,2051.0,2051.0,2051.0,2051.0,2051.0,2051.0,2051.0,2051.0,2051.0,2268.0,3572.0,4940.0,6076.0,6094.0,6094.0,7331.0,8488.0,10115.0,11454.0,12810.0,12858.0,12866.0,14385.0,15644.0,16892.0,18241.0,19489.0,19570.0,19570.0,20363.0,21144.0,21847.0,22527.0,22900.0,22911.0,22911.0,23551.0,24366.0,25291.0,26021.0,26765.0,26770.0,26770.0,27307.0,27901.0,28432.0,29125.0,29708.0,29723.0,29723.0,30472.0,31339.0,32132.0,32920.0,33494.0,33514.0,33514.0,34104.0,34807.0,35351.0,35920.0,36470.0,36470.0,36470.0,37079.0,37716.0,38261.0,38856.0,38856.0,38922.0,38924.0,39342.0,39741.0,40105.0,40412.0,40699.0,40701.0,40701.0,41086.0,41437.0,41791.0,42112.0,42410.0,42413.0,42413.0,42678.0,43026.0,43275.0,43612.0,43915.0,43931.0,43931.0,44227.0,44489.0,44820.0,45185.0,45616.0,45729.0,45729.0,46208.0,46684.0,47068.0,47480.0,47802.0,47837.0,47837.0,48269.0,48731.0,49214.0,49585.0,49964.0,50045.0,50047.0,50516.0,51126.0,51790.0,52471.0,52471.0,52891.0,52891.0,54415.0,55947.0,57221.0,58221.0,59433.0,59762.0,59762.0,61000.0,61993.0,62732.0,63171.0,63437.0,63475.0,63509.0,63853.0,64346.0,65046.0,65753.0,66108.0,66161.0,66205.0,66461.0,66646.0,66821.0,67005.0,67140.0,67157.0,67170.0,67170.0,67362.0,67606.0,67877.0,68156.0,68213.0,68226.0,68226.0,68395.0,68560.0,69018.0,69363.0,69422.0,69431.0,69606.0,69845.0,70312.0,70769.0,71099.0,71181.0,71181.0,71467.0,72049.0,72483.0,72901.0,72901.0,73016.0,73047.0,73282.0,73580.0,73810.0,74244.0,74556.0,74649.0,74649.0,74775.0,74878.0,74952.0,75052.0,75101.0,75123.0,75123.0,75284.0,75448.0,75559.0,75660.0,75779.0,75784.0,75784.0,75906.0,76014.0,76093.0,76180.0,76232.0,76235.0,76235.0,76312.0,76372.0,76424.0,76454.0,76504.0,76511.0,76511.0,76552.0,76603.0,76637.0,76695.0,76725.0,76766.0,76766.0,76812.0,76848.0,76877.0,76909.0,76926.0,76931.0,76931.0,76955.0,76987.0,76994.0,77010.0,77033.0,77036.0,77036.0,77131.0,77216.0,77346.0,77433.0,77433.0,77433.0,77433.0,77595.0,77749.0,77958.0,78066.0,78267.0,78297.0,78297.0,78652.0,78939.0,79381.0,79822.0,80136.0,80172.0,80172.0,80499.0,80900.0,81232.0,81625.0,81941.0,81959.0,81959.0,81959.0,82301.0,82618.0,82842.0,82987.0,83008.0,83008.0,83352.0,83630.0,83904.0,84225.0,84460.0,84475.0,84475.0,84624.0,84764.0,84920.0,85074.0,85129.0,85148.0,85148.0,85148.0,85305.0,85533.0,85701.0,85816.0,85830.0,85830.0,85997.0,86208.0,86333.0,86502.0,86677.0,86697.0,86697.0,86887.0,87054.0,87248.0,87371.0,87460.0,87490.0,87490.0,87590.0,87706.0,87746.0,87786.0,87834.0,87846.0,87846.0,87921.0,88050.0,88106.0,88171.0,88212.0,88225.0,88225.0,88288.0,88384.0,88384.0,88516.0,88713.0,88757.0,88757.0,88930.0,89074.0,89197.0,89307.0,89448.0,89481.0,89489.0,89573.0,89658.0,89694.0
Magallanes,Primera,0.0,165.0,165.0,165.0,165.0,165.0,165.0,165.0,165.0,165.0,165.0,165.0,165.0,165.0,165.0,165.0,165.0,165.0,165.0,165.0,166.0,166.0,166.0,166.0,166.0,166.0,166.0,166.0,166.0,166.0,166.0,166.0,166.0,166.0,166.0,166.0,166.0,166.0,166.0,166.0,222.0,3607.0,6716.0,8989.0,9025.0,9025.0,12188.0,15506.0,20142.0,23660.0,26715.0,26721.0,26727.0,30337.0,32717.0,35312.0,37072.0,38791.0,38993.0,39003.0,39851.0,40571.0,41485.0,42483.0,43322.0,43410.0,43410.0,45578.0,47970.0,50164.0,51924.0,53456.0,53465.0,53469.0,54730.0,56029.0,57245.0,58921.0,60174.0,60178.0,60219.0,61677.0,63481.0,64763.0,66194.0,67605.0,67618.0,67629.0,69253.0,70679.0,72244.0,73606.0,75539.0,75550.0,75552.0,76917.0,78171.0,79439.0,80804.0,80805.0,80805.0,80805.0,81676.0,82977.0,84276.0,85287.0,86054.0,86057.0,86059.0,87032.0,87878.0,88875.0,89819.0,90642.0,90645.0,90645.0,91297.0,92038.0,92564.0,93327.0,93667.0,93670.0,93671.0,93771.0,94398.0,95006.0,95235.0,95468.0,95468.0,95468.0,95987.0,96601.0,97181.0,97632.0,98197.0,98207.0,98207.0,98917.0,99859.0,100457.0,101100.0,101890.0,101891.0,101892.0,102618.0,103502.0,104561.0,105946.0,105947.0,105947.0,105947.0,107566.0,108921.0,110348.0,111664.0,112716.0,113086.0,113524.0,114382.0,115203.0,115921.0,116009.0,116087.0,116088.0,116091.0,116135.0,116224.0,116343.0,116428.0,116601.0,116601.0,116608.0,116682.0,116739.0,116791.0,116859.0,116911.0,116967.0,116967.0,116968.0,117363.0,117766.0,118357.0,118949.0,118949.0,118949.0,118949.0,119328.0,119581.0,120174.0,120699.0,120699.0,120699.0,120873.0,121030.0,121453.0,121776.0,122174.0,122302.0,122302.0,122504.0,123041.0,123841.0,124372.0,124373.0,124373.0,124373.0,124703.0,125001.0,125234.0,125792.0,126306.0,126306.0,126306.0,126503.0,126654.0,126919.0,127177.0,127425.0,127518.0,127518.0,127844.0,128185.0,128386.0,128572.0,128851.0,128851.0,128851.0,128980.0,129117.0,129178.0,129238.0,129322.0,129323.0,129323.0,129437.0,129559.0,129621.0,129674.0,129719.0,129719.0,129719.0,129764.0,129805.0,129837.0,129868.0,129892.0,129892.0,129892.0,129972.0,130063.0,130123.0,130176.0,130213.0,130213.0,130213.0,130280.0,130346.0,130391.0,130455.0,130512.0,130512.0,130512.0,130689.0,130885.0,131053.0,131143.0,131143.0,131143.0,131143.0,131488.0,131764.0,132223.0,132520.0,132952.0,132953.0,132953.0,133723.0,134691.0,135993.0,137223.0,138437.0,138437.0,138437.0,139264.0,139919.0,140699.0,141523.0,142084.0,142084.0,142086.0,142086.0,142688.0,143177.0,143576.0,144159.0,144159.0,144184.0,144557.0,144806.0,145057.0,145290.0,145511.0,145515.0,145528.0,145713.0,145848.0,146011.0,146183.0,146350.0,146350.0,146350.0,146350.0,146507.0,146681.0,146875.0,147069.0,147069.0,147069.0,147240.0,147372.0,147532.0,147646.0,147798.0,147798.0,147798.0,147943.0,148074.0,148165.0,148253.0,148340.0,148340.0,148340.0,148404.0,148462.0,148548.0,148606.0,148680.0,148695.0,148701.0,148775.0,148877.0,148958.0,149035.0,149122.0,149136.0,149136.0,149245.0,149394.0,149394.0,149714.0,150038.0,150057.0,150057.0,150249.0,150453.0,150596.0,150701.0,150845.0,150874.0,150874.0,151006.0,151131.0,151191.0
